table_name	cols
SequelizeMeta	[{"column" : "name", "data_type" : "character varying", "is_nullable" : "NO", "default" : null}]
agent_comments	[{"column" : "id", "data_type" : "uuid", "is_nullable" : "NO", "default" : null}, {"column" : "user_id", "data_type" : "integer", "is_nullable" : "NO", "default" : null}, {"column" : "content", "data_type" : "text", "is_nullable" : "NO", "default" : null}, {"column" : "agent_id", "data_type" : "integer", "is_nullable" : "NO", "default" : null}, {"column" : "createdAt", "data_type" : "timestamp with time zone", "is_nullable" : "YES", "default" : null}, {"column" : "updatedAt", "data_type" : "timestamp with time zone", "is_nullable" : "YES", "default" : null}]
agent_documents	[{"column" : "id", "data_type" : "integer", "is_nullable" : "NO", "default" : "nextval('agent_documents_id_seq'::regclass)"}, {"column" : "agent_profile_id", "data_type" : "integer", "is_nullable" : "NO", "default" : null}, {"column" : "agent_passport_photo", "data_type" : "character varying", "is_nullable" : "YES", "default" : null}, {"column" : "front_id_photo", "data_type" : "character varying", "is_nullable" : "YES", "default" : null}, {"column" : "back_id_photo", "data_type" : "character varying", "is_nullable" : "YES", "default" : null}, {"column" : "file_size", "data_type" : "integer", "is_nullable" : "YES", "default" : null}, {"column" : "upload_date", "data_type" : "timestamp with time zone", "is_nullable" : "YES", "default" : null}, {"column" : "createdAt", "data_type" : "timestamp with time zone", "is_nullable" : "NO", "default" : null}, {"column" : "updatedAt", "data_type" : "timestamp with time zone", "is_nullable" : "NO", "default" : null}]
agent_location	[{"column" : "id", "data_type" : "integer", "is_nullable" : "NO", "default" : "nextval('agent_location_id_seq'::regclass)"}, {"column" : "agent_profile_id", "data_type" : "integer", "is_nullable" : "NO", "default" : null}, {"column" : "agent_county", "data_type" : "character varying", "is_nullable" : "NO", "default" : null}, {"column" : "agent_subcounty", "data_type" : "character varying", "is_nullable" : "NO", "default" : null}, {"column" : "agent_town", "data_type" : "character varying", "is_nullable" : "YES", "default" : null}, {"column" : "agent_street", "data_type" : "character varying", "is_nullable" : "NO", "default" : null}, {"column" : "agent_location_description", "data_type" : "character varying", "is_nullable" : "YES", "default" : null}, {"column" : "createdAt", "data_type" : "timestamp without time zone", "is_nullable" : "YES", "default" : "CURRENT_TIMESTAMP"}, {"column" : "updatedAt", "data_type" : "timestamp without time zone", "is_nullable" : "YES", "default" : "CURRENT_TIMESTAMP"}]
agent_locations	[{"column" : "id", "data_type" : "integer", "is_nullable" : "NO", "default" : "nextval('agent_locations_id_seq'::regclass)"}, {"column" : "agent_profile_id", "data_type" : "integer", "is_nullable" : "NO", "default" : null}, {"column" : "agent_county", "data_type" : "character varying", "is_nullable" : "NO", "default" : null}, {"column" : "agent_subcounty", "data_type" : "character varying", "is_nullable" : "NO", "default" : null}, {"column" : "agent_town", "data_type" : "character varying", "is_nullable" : "YES", "default" : null}, {"column" : "agent_street", "data_type" : "character varying", "is_nullable" : "NO", "default" : null}, {"column" : "agent_location_description", "data_type" : "character varying", "is_nullable" : "YES", "default" : null}, {"column" : "createdAt", "data_type" : "timestamp with time zone", "is_nullable" : "NO", "default" : null}, {"column" : "updatedAt", "data_type" : "timestamp with time zone", "is_nullable" : "NO", "default" : null}]
agent_notifications	[{"column" : "id", "data_type" : "integer", "is_nullable" : "NO", "default" : "nextval('agent_notifications_id_seq'::regclass)"}, {"column" : "agent_id", "data_type" : "integer", "is_nullable" : "NO", "default" : null}, {"column" : "notification_title", "data_type" : "character varying", "is_nullable" : "NO", "default" : null}, {"column" : "notification_message", "data_type" : "text", "is_nullable" : "NO", "default" : null}, {"column" : "is_read", "data_type" : "boolean", "is_nullable" : "YES", "default" : "false"}, {"column" : "createdAt", "data_type" : "timestamp without time zone", "is_nullable" : "NO", "default" : "CURRENT_TIMESTAMP"}, {"column" : "updatedAt", "data_type" : "timestamp without time zone", "is_nullable" : "NO", "default" : "CURRENT_TIMESTAMP"}]
agent_profile	[{"column" : "id", "data_type" : "integer", "is_nullable" : "NO", "default" : "nextval('agent_profile_id_seq'::regclass)"}, {"column" : "user_id", "data_type" : "integer", "is_nullable" : "NO", "default" : null}, {"column" : "agent_fname", "data_type" : "character varying", "is_nullable" : "NO", "default" : null}, {"column" : "agent_lname", "data_type" : "character varying", "is_nullable" : "NO", "default" : null}, {"column" : "agent_mname", "data_type" : "character varying", "is_nullable" : "YES", "default" : null}, {"column" : "agent_phonenumber", "data_type" : "character varying", "is_nullable" : "NO", "default" : null}, {"column" : "agent_idno", "data_type" : "integer", "is_nullable" : "NO", "default" : null}, {"column" : "agent_gender", "data_type" : "character varying", "is_nullable" : "YES", "default" : null}, {"column" : "agent_verified", "data_type" : "USER-DEFINED", "is_nullable" : "NO", "default" : "'PENDING'::enum_agent_profile_agent_verified"}, {"column" : "createdAt", "data_type" : "timestamp without time zone", "is_nullable" : "YES", "default" : "CURRENT_TIMESTAMP"}, {"column" : "updatedAt", "data_type" : "timestamp without time zone", "is_nullable" : "YES", "default" : "CURRENT_TIMESTAMP"}]
agent_profiles	[{"column" : "id", "data_type" : "integer", "is_nullable" : "NO", "default" : "nextval('agent_profiles_id_seq'::regclass)"}, {"column" : "user_id", "data_type" : "integer", "is_nullable" : "NO", "default" : null}, {"column" : "agent_fname", "data_type" : "character varying", "is_nullable" : "NO", "default" : null}, {"column" : "agent_lname", "data_type" : "character varying", "is_nullable" : "NO", "default" : null}, {"column" : "agent_mname", "data_type" : "character varying", "is_nullable" : "YES", "default" : null}, {"column" : "agent_phonenumber", "data_type" : "character varying", "is_nullable" : "NO", "default" : null}, {"column" : "agent_idno", "data_type" : "integer", "is_nullable" : "NO", "default" : null}, {"column" : "agent_gender", "data_type" : "character varying", "is_nullable" : "YES", "default" : null}, {"column" : "agent_verified", "data_type" : "USER-DEFINED", "is_nullable" : "NO", "default" : "'PENDING'::enum_agent_profiles_agent_verified"}, {"column" : "createdAt", "data_type" : "timestamp with time zone", "is_nullable" : "NO", "default" : null}, {"column" : "updatedAt", "data_type" : "timestamp with time zone", "is_nullable" : "NO", "default" : null}]
agents	[{"column" : "id", "data_type" : "integer", "is_nullable" : "NO", "default" : "nextval('agents_id_seq'::regclass)"}, {"column" : "userId", "data_type" : "integer", "is_nullable" : "NO", "default" : null}, {"column" : "agent_fname", "data_type" : "character varying", "is_nullable" : "NO", "default" : null}, {"column" : "agent_lname", "data_type" : "character varying", "is_nullable" : "NO", "default" : null}, {"column" : "agent_phonenumber", "data_type" : "character varying", "is_nullable" : "NO", "default" : null}, {"column" : "agent_idno", "data_type" : "integer", "is_nullable" : "NO", "default" : null}, {"column" : "agent_location", "data_type" : "character varying", "is_nullable" : "YES", "default" : null}, {"column" : "agent_avatar", "data_type" : "character varying", "is_nullable" : "YES", "default" : null}, {"column" : "type", "data_type" : "bytea", "is_nullable" : "YES", "default" : null}, {"column" : "createdAt", "data_type" : "timestamp with time zone", "is_nullable" : "NO", "default" : null}, {"column" : "updatedAt", "data_type" : "timestamp with time zone", "is_nullable" : "NO", "default" : null}, {"column" : "agent_gender", "data_type" : "character varying", "is_nullable" : "YES", "default" : null}, {"column" : "agent_id_photo", "data_type" : "character varying", "is_nullable" : "YES", "default" : null}, {"column" : "agent_address", "data_type" : "character varying", "is_nullable" : "YES", "default" : null}, {"column" : "agent_verified", "data_type" : "USER-DEFINED", "is_nullable" : "NO", "default" : "'PENDING'::enum_agents_agent_verified"}, {"column" : "agent_specialization", "data_type" : "character varying", "is_nullable" : "YES", "default" : null}, {"column" : "agent_description", "data_type" : "text", "is_nullable" : "YES", "default" : null}]
alembic_version	[{"column" : "version_num", "data_type" : "character varying", "is_nullable" : "NO", "default" : null}]
apartment_comments	[{"column" : "id", "data_type" : "integer", "is_nullable" : "NO", "default" : "nextval('apartment_comments_id_seq'::regclass)"}, {"column" : "content", "data_type" : "text", "is_nullable" : "NO", "default" : null}, {"column" : "user_id", "data_type" : "integer", "is_nullable" : "NO", "default" : null}, {"column" : "apartment_id", "data_type" : "integer", "is_nullable" : "NO", "default" : null}, {"column" : "createdAt", "data_type" : "timestamp with time zone", "is_nullable" : "YES", "default" : null}, {"column" : "updatedAt", "data_type" : "timestamp with time zone", "is_nullable" : "YES", "default" : null}]
apartment_files	[{"column" : "id", "data_type" : "integer", "is_nullable" : "NO", "default" : "nextval('apartment_files_id_seq'::regclass)"}, {"column" : "apartment_id", "data_type" : "integer", "is_nullable" : "NO", "default" : null}, {"column" : "first_image", "data_type" : "character varying", "is_nullable" : "YES", "default" : null}, {"column" : "second_image", "data_type" : "character varying", "is_nullable" : "YES", "default" : null}, {"column" : "third_image", "data_type" : "character varying", "is_nullable" : "YES", "default" : null}, {"column" : "fourth_image", "data_type" : "character varying", "is_nullable" : "YES", "default" : null}, {"column" : "video_path", "data_type" : "character varying", "is_nullable" : "YES", "default" : null}, {"column" : "file_size", "data_type" : "integer", "is_nullable" : "YES", "default" : null}, {"column" : "uploaded_by", "data_type" : "integer", "is_nullable" : "NO", "default" : null}, {"column" : "upload_date", "data_type" : "timestamp with time zone", "is_nullable" : "YES", "default" : null}, {"column" : "createdAt", "data_type" : "timestamp with time zone", "is_nullable" : "NO", "default" : null}, {"column" : "updatedAt", "data_type" : "timestamp with time zone", "is_nullable" : "NO", "default" : null}]
apartment_locations	[{"column" : "id", "data_type" : "integer", "is_nullable" : "NO", "default" : "nextval('apartment_locations_id_seq'::regclass)"}, {"column" : "country", "data_type" : "character varying", "is_nullable" : "YES", "default" : null}, {"column" : "apartment_id", "data_type" : "integer", "is_nullable" : "YES", "default" : null}, {"column" : "county", "data_type" : "character varying", "is_nullable" : "YES", "default" : null}, {"column" : "city_town", "data_type" : "character varying", "is_nullable" : "YES", "default" : null}, {"column" : "latitude", "data_type" : "character varying", "is_nullable" : "YES", "default" : null}, {"column" : "longitude", "data_type" : "character varying", "is_nullable" : "YES", "default" : null}, {"column" : "address", "data_type" : "text", "is_nullable" : "YES", "default" : null}, {"column" : "location_description", "data_type" : "character varying", "is_nullable" : "YES", "default" : null}, {"column" : "createdAt", "data_type" : "timestamp with time zone", "is_nullable" : "YES", "default" : null}, {"column" : "updateAt", "data_type" : "timestamp with time zone", "is_nullable" : "YES", "default" : null}, {"column" : "updatedAt", "data_type" : "timestamp with time zone", "is_nullable" : "NO", "default" : null}]
apartment_payment_plans	[{"column" : "id", "data_type" : "integer", "is_nullable" : "NO", "default" : "nextval('apartment_payment_plans_id_seq'::regclass)"}, {"column" : "apartment_id", "data_type" : "integer", "is_nullable" : "YES", "default" : null}, {"column" : "unit_type", "data_type" : "integer", "is_nullable" : "YES", "default" : null}, {"column" : "plan_duration", "data_type" : "character varying", "is_nullable" : "YES", "default" : null}, {"column" : "pricing_amount", "data_type" : "character varying", "is_nullable" : "YES", "default" : null}, {"column" : "plan_description", "data_type" : "text", "is_nullable" : "YES", "default" : null}, {"column" : "currency_type", "data_type" : "character varying", "is_nullable" : "YES", "default" : null}, {"column" : "createdAt", "data_type" : "timestamp with time zone", "is_nullable" : "YES", "default" : null}, {"column" : "updateAt", "data_type" : "timestamp with time zone", "is_nullable" : "YES", "default" : null}, {"column" : "updatedAt", "data_type" : "timestamp with time zone", "is_nullable" : "NO", "default" : null}]
apartment_properties	[{"column" : "id", "data_type" : "integer", "is_nullable" : "NO", "default" : "nextval('apartment_properties_id_seq'::regclass)"}, {"column" : "number_of_units", "data_type" : "character varying", "is_nullable" : "YES", "default" : null}, {"column" : "apartment_id", "data_type" : "integer", "is_nullable" : "YES", "default" : null}, {"column" : "number_of_one_bd", "data_type" : "integer", "is_nullable" : "YES", "default" : null}, {"column" : "number_of_two_bd", "data_type" : "integer", "is_nullable" : "YES", "default" : null}, {"column" : "number_of_three_bd", "data_type" : "integer", "is_nullable" : "YES", "default" : null}, {"column" : "number_of_four_bd", "data_type" : "integer", "is_nullable" : "YES", "default" : null}, {"column" : "createdAt", "data_type" : "timestamp with time zone", "is_nullable" : "YES", "default" : null}, {"column" : "updateAt", "data_type" : "timestamp with time zone", "is_nullable" : "YES", "default" : null}, {"column" : "updatedAt", "data_type" : "timestamp with time zone", "is_nullable" : "NO", "default" : null}]
apartments	[{"column" : "id", "data_type" : "integer", "is_nullable" : "NO", "default" : "nextval('apartments_id_seq'::regclass)"}, {"column" : "logent_id", "data_type" : "integer", "is_nullable" : "YES", "default" : null}, {"column" : "apartment_name", "data_type" : "character varying", "is_nullable" : "YES", "default" : null}, {"column" : "apartment_location", "data_type" : "character varying", "is_nullable" : "YES", "default" : null}, {"column" : "apartment_county", "data_type" : "character varying", "is_nullable" : "YES", "default" : null}, {"column" : "apartment_type", "data_type" : "character varying", "is_nullable" : "YES", "default" : null}, {"column" : "apartment_description", "data_type" : "text", "is_nullable" : "YES", "default" : null}, {"column" : "address", "data_type" : "text", "is_nullable" : "YES", "default" : null}, {"column" : "latitude", "data_type" : "character varying", "is_nullable" : "YES", "default" : null}, {"column" : "longitude", "data_type" : "character varying", "is_nullable" : "YES", "default" : null}, {"column" : "type1", "data_type" : "character varying", "is_nullable" : "YES", "default" : null}, {"column" : "name1", "data_type" : "character varying", "is_nullable" : "YES", "default" : null}, {"column" : "data1", "data_type" : "bytea", "is_nullable" : "YES", "default" : null}, {"column" : "type2", "data_type" : "character varying", "is_nullable" : "YES", "default" : null}, {"column" : "name2", "data_type" : "character varying", "is_nullable" : "YES", "default" : null}, {"column" : "data2", "data_type" : "bytea", "is_nullable" : "YES", "default" : null}, {"column" : "type3", "data_type" : "character varying", "is_nullable" : "YES", "default" : null}, {"column" : "name3", "data_type" : "character varying", "is_nullable" : "YES", "default" : null}, {"column" : "data3", "data_type" : "bytea", "is_nullable" : "YES", "default" : null}, {"column" : "type4", "data_type" : "character varying", "is_nullable" : "YES", "default" : null}, {"column" : "name4", "data_type" : "character varying", "is_nullable" : "YES", "default" : null}, {"column" : "data4", "data_type" : "bytea", "is_nullable" : "YES", "default" : null}, {"column" : "createdAt", "data_type" : "timestamp with time zone", "is_nullable" : "NO", "default" : null}, {"column" : "updatedAt", "data_type" : "timestamp with time zone", "is_nullable" : "NO", "default" : null}]
cartitems	[{"column" : "id", "data_type" : "integer", "is_nullable" : "NO", "default" : "nextval('cartitems_id_seq'::regclass)"}, {"column" : "userId", "data_type" : "integer", "is_nullable" : "NO", "default" : null}, {"column" : "productId", "data_type" : "integer", "is_nullable" : "NO", "default" : null}, {"column" : "createdAt", "data_type" : "timestamp with time zone", "is_nullable" : "NO", "default" : null}, {"column" : "updatedAt", "data_type" : "timestamp with time zone", "is_nullable" : "NO", "default" : null}]
comments	[{"column" : "id", "data_type" : "uuid", "is_nullable" : "NO", "default" : null}, {"column" : "content", "data_type" : "text", "is_nullable" : "NO", "default" : null}, {"column" : "authorId", "data_type" : "integer", "is_nullable" : "NO", "default" : null}, {"column" : "postId", "data_type" : "uuid", "is_nullable" : "NO", "default" : null}, {"column" : "createdAt", "data_type" : "timestamp with time zone", "is_nullable" : "YES", "default" : null}, {"column" : "updatedAt", "data_type" : "timestamp with time zone", "is_nullable" : "NO", "default" : null}]
connections	[{"column" : "id", "data_type" : "integer", "is_nullable" : "NO", "default" : "nextval('connections_id_seq'::regclass)"}, {"column" : "userId", "data_type" : "integer", "is_nullable" : "NO", "default" : null}, {"column" : "connectionId", "data_type" : "integer", "is_nullable" : "NO", "default" : null}, {"column" : "status", "data_type" : "USER-DEFINED", "is_nullable" : "YES", "default" : "'pending'::enum_connections_status"}, {"column" : "createdAt", "data_type" : "timestamp with time zone", "is_nullable" : "NO", "default" : null}, {"column" : "updatedAt", "data_type" : "timestamp with time zone", "is_nullable" : "NO", "default" : null}]
friendrequests	[{"column" : "id", "data_type" : "integer", "is_nullable" : "NO", "default" : "nextval('friendrequests_id_seq'::regclass)"}, {"column" : "status", "data_type" : "USER-DEFINED", "is_nullable" : "NO", "default" : "'pending'::enum_friendrequests_status"}, {"column" : "senderId", "data_type" : "integer", "is_nullable" : "NO", "default" : null}, {"column" : "receiverId", "data_type" : "integer", "is_nullable" : "NO", "default" : null}, {"column" : "createdAt", "data_type" : "timestamp with time zone", "is_nullable" : "NO", "default" : null}, {"column" : "updatedAt", "data_type" : "timestamp with time zone", "is_nullable" : "NO", "default" : null}]
landlords	[{"column" : "id", "data_type" : "integer", "is_nullable" : "NO", "default" : "nextval('landlords_id_seq'::regclass)"}, {"column" : "userId", "data_type" : "integer", "is_nullable" : "YES", "default" : null}, {"column" : "landlord_fname", "data_type" : "character varying", "is_nullable" : "YES", "default" : null}, {"column" : "landlord_lname", "data_type" : "character varying", "is_nullable" : "YES", "default" : null}, {"column" : "landlord_idno", "data_type" : "integer", "is_nullable" : "YES", "default" : null}, {"column" : "landlord_phonenumber", "data_type" : "integer", "is_nullable" : "YES", "default" : null}, {"column" : "landlord_location", "data_type" : "character varying", "is_nullable" : "YES", "default" : null}, {"column" : "landlord_avatar", "data_type" : "character varying", "is_nullable" : "YES", "default" : null}, {"column" : "type", "data_type" : "bytea", "is_nullable" : "YES", "default" : null}, {"column" : "createdAt", "data_type" : "timestamp with time zone", "is_nullable" : "NO", "default" : null}, {"column" : "updatedAt", "data_type" : "timestamp with time zone", "is_nullable" : "NO", "default" : null}]
likes	[{"column" : "id", "data_type" : "uuid", "is_nullable" : "NO", "default" : null}, {"column" : "userId", "data_type" : "integer", "is_nullable" : "NO", "default" : null}, {"column" : "postId", "data_type" : "uuid", "is_nullable" : "NO", "default" : null}, {"column" : "createdAt", "data_type" : "timestamp with time zone", "is_nullable" : "NO", "default" : null}, {"column" : "updatedAt", "data_type" : "timestamp with time zone", "is_nullable" : "NO", "default" : null}]
markets	[{"column" : "id", "data_type" : "integer", "is_nullable" : "NO", "default" : "nextval('markets_id_seq'::regclass)"}, {"column" : "sellerId", "data_type" : "integer", "is_nullable" : "YES", "default" : null}, {"column" : "product_quantity", "data_type" : "integer", "is_nullable" : "YES", "default" : null}, {"column" : "product_name", "data_type" : "character varying", "is_nullable" : "YES", "default" : null}, {"column" : "product_description", "data_type" : "character varying", "is_nullable" : "YES", "default" : null}, {"column" : "product_price", "data_type" : "integer", "is_nullable" : "YES", "default" : null}, {"column" : "type", "data_type" : "character varying", "is_nullable" : "YES", "default" : null}, {"column" : "product_image", "data_type" : "character varying", "is_nullable" : "YES", "default" : null}, {"column" : "createdAt", "data_type" : "timestamp with time zone", "is_nullable" : "NO", "default" : null}, {"column" : "updatedAt", "data_type" : "timestamp with time zone", "is_nullable" : "NO", "default" : null}]
media	[{"column" : "id", "data_type" : "uuid", "is_nullable" : "NO", "default" : null}, {"column" : "url", "data_type" : "character varying", "is_nullable" : "NO", "default" : null}, {"column" : "type", "data_type" : "USER-DEFINED", "is_nullable" : "NO", "default" : null}, {"column" : "uploadedBy", "data_type" : "integer", "is_nullable" : "NO", "default" : null}, {"column" : "usedInPost", "data_type" : "boolean", "is_nullable" : "YES", "default" : "false"}, {"column" : "createdAt", "data_type" : "timestamp with time zone", "is_nullable" : "NO", "default" : null}, {"column" : "updatedAt", "data_type" : "timestamp with time zone", "is_nullable" : "NO", "default" : null}]
messages	[{"column" : "id", "data_type" : "integer", "is_nullable" : "NO", "default" : "nextval('messages_id_seq'::regclass)"}, {"column" : "senderId", "data_type" : "integer", "is_nullable" : "YES", "default" : null}, {"column" : "receiverId", "data_type" : "integer", "is_nullable" : "YES", "default" : null}, {"column" : "messageType", "data_type" : "character varying", "is_nullable" : "YES", "default" : null}, {"column" : "message", "data_type" : "text", "is_nullable" : "YES", "default" : null}, {"column" : "createdAt", "data_type" : "timestamp with time zone", "is_nullable" : "NO", "default" : null}, {"column" : "updatedAt", "data_type" : "timestamp with time zone", "is_nullable" : "NO", "default" : null}]
migration_meta	[{"column" : "name", "data_type" : "character varying", "is_nullable" : "NO", "default" : null}]
notificationtokens	[{"column" : "id", "data_type" : "integer", "is_nullable" : "NO", "default" : "nextval('notificationtokens_id_seq'::regclass)"}, {"column" : "userId", "data_type" : "integer", "is_nullable" : "NO", "default" : null}, {"column" : "deviceToken", "data_type" : "character varying", "is_nullable" : "NO", "default" : null}, {"column" : "createdAt", "data_type" : "timestamp with time zone", "is_nullable" : "NO", "default" : null}, {"column" : "updatedAt", "data_type" : "timestamp with time zone", "is_nullable" : "NO", "default" : null}]
notifies	[{"column" : "id", "data_type" : "integer", "is_nullable" : "NO", "default" : "nextval('notifies_id_seq'::regclass)"}, {"column" : "belongsTo", "data_type" : "integer", "is_nullable" : "YES", "default" : null}, {"column" : "message", "data_type" : "text", "is_nullable" : "YES", "default" : null}, {"column" : "notification_avatar", "data_type" : "character varying", "is_nullable" : "NO", "default" : null}, {"column" : "title", "data_type" : "text", "is_nullable" : "YES", "default" : null}, {"column" : "type", "data_type" : "bytea", "is_nullable" : "YES", "default" : null}, {"column" : "timestamp", "data_type" : "timestamp with time zone", "is_nullable" : "YES", "default" : null}, {"column" : "createdAt", "data_type" : "timestamp with time zone", "is_nullable" : "NO", "default" : null}, {"column" : "updatedAt", "data_type" : "timestamp with time zone", "is_nullable" : "NO", "default" : null}]
otps	[{"column" : "id", "data_type" : "integer", "is_nullable" : "NO", "default" : "nextval('otps_id_seq'::regclass)"}, {"column" : "email", "data_type" : "character varying", "is_nullable" : "YES", "default" : null}, {"column" : "code", "data_type" : "character varying", "is_nullable" : "YES", "default" : null}, {"column" : "createdAt", "data_type" : "timestamp with time zone", "is_nullable" : "YES", "default" : null}, {"column" : "expireIn", "data_type" : "timestamp with time zone", "is_nullable" : "YES", "default" : null}, {"column" : "updatedAt", "data_type" : "timestamp with time zone", "is_nullable" : "NO", "default" : null}, {"column" : "expired", "data_type" : "boolean", "is_nullable" : "YES", "default" : "false"}]
posts	[{"column" : "id", "data_type" : "uuid", "is_nullable" : "NO", "default" : null}, {"column" : "content", "data_type" : "text", "is_nullable" : "YES", "default" : null}, {"column" : "imageUrl", "data_type" : "character varying", "is_nullable" : "YES", "default" : null}, {"column" : "videoUrl", "data_type" : "character varying", "is_nullable" : "YES", "default" : null}, {"column" : "authorId", "data_type" : "integer", "is_nullable" : "NO", "default" : null}, {"column" : "originalPostId", "data_type" : "uuid", "is_nullable" : "YES", "default" : null}, {"column" : "createdAt", "data_type" : "timestamp with time zone", "is_nullable" : "YES", "default" : null}, {"column" : "updatedAt", "data_type" : "timestamp with time zone", "is_nullable" : "YES", "default" : null}]
properties	[{"column" : "id", "data_type" : "integer", "is_nullable" : "NO", "default" : "nextval('properties_id_seq'::regclass)"}, {"column" : "agent_id", "data_type" : "integer", "is_nullable" : "YES", "default" : null}, {"column" : "apartment_name", "data_type" : "character varying", "is_nullable" : "YES", "default" : null}, {"column" : "apartment_location", "data_type" : "character varying", "is_nullable" : "YES", "default" : null}, {"column" : "apartment_county", "data_type" : "character varying", "is_nullable" : "YES", "default" : null}, {"column" : "apartment_type", "data_type" : "character varying", "is_nullable" : "YES", "default" : null}, {"column" : "apartment_description", "data_type" : "text", "is_nullable" : "YES", "default" : null}, {"column" : "apartment_price", "data_type" : "character varying", "is_nullable" : "YES", "default" : null}, {"column" : "apartment_previous_price", "data_type" : "character varying", "is_nullable" : "YES", "default" : null}, {"column" : "address", "data_type" : "text", "is_nullable" : "YES", "default" : null}, {"column" : "latitude", "data_type" : "character varying", "is_nullable" : "YES", "default" : null}, {"column" : "longitude", "data_type" : "character varying", "is_nullable" : "YES", "default" : null}, {"column" : "type1", "data_type" : "character varying", "is_nullable" : "YES", "default" : null}, {"column" : "name1", "data_type" : "character varying", "is_nullable" : "YES", "default" : null}, {"column" : "data1", "data_type" : "bytea", "is_nullable" : "YES", "default" : null}, {"column" : "type2", "data_type" : "character varying", "is_nullable" : "YES", "default" : null}, {"column" : "name2", "data_type" : "character varying", "is_nullable" : "YES", "default" : null}, {"column" : "data2", "data_type" : "bytea", "is_nullable" : "YES", "default" : null}, {"column" : "type3", "data_type" : "character varying", "is_nullable" : "YES", "default" : null}, {"column" : "name3", "data_type" : "character varying", "is_nullable" : "YES", "default" : null}, {"column" : "data3", "data_type" : "bytea", "is_nullable" : "YES", "default" : null}, {"column" : "type4", "data_type" : "character varying", "is_nullable" : "YES", "default" : null}, {"column" : "name4", "data_type" : "character varying", "is_nullable" : "YES", "default" : null}, {"column" : "data4", "data_type" : "bytea", "is_nullable" : "YES", "default" : null}, {"column" : "createdAt", "data_type" : "timestamp with time zone", "is_nullable" : "NO", "default" : null}, {"column" : "updatedAt", "data_type" : "timestamp with time zone", "is_nullable" : "NO", "default" : null}]
property_facilities	[{"column" : "id", "data_type" : "integer", "is_nullable" : "NO", "default" : "nextval('property_facilities_id_seq'::regclass)"}, {"column" : "facility_name", "data_type" : "character varying", "is_nullable" : "YES", "default" : null}, {"column" : "property_id", "data_type" : "integer", "is_nullable" : "YES", "default" : null}, {"column" : "createdAt", "data_type" : "timestamp with time zone", "is_nullable" : "YES", "default" : null}, {"column" : "updateAt", "data_type" : "timestamp with time zone", "is_nullable" : "YES", "default" : null}, {"column" : "updatedAt", "data_type" : "timestamp with time zone", "is_nullable" : "NO", "default" : null}]
property_files	[{"column" : "id", "data_type" : "integer", "is_nullable" : "NO", "default" : "nextval('property_files_id_seq'::regclass)"}, {"column" : "property_id", "data_type" : "integer", "is_nullable" : "NO", "default" : null}, {"column" : "first_image", "data_type" : "character varying", "is_nullable" : "YES", "default" : null}, {"column" : "second_image", "data_type" : "character varying", "is_nullable" : "YES", "default" : null}, {"column" : "third_image", "data_type" : "character varying", "is_nullable" : "YES", "default" : null}, {"column" : "fourth_image", "data_type" : "character varying", "is_nullable" : "YES", "default" : null}, {"column" : "video_path", "data_type" : "character varying", "is_nullable" : "YES", "default" : null}, {"column" : "file_size", "data_type" : "integer", "is_nullable" : "YES", "default" : null}, {"column" : "uploaded_by", "data_type" : "integer", "is_nullable" : "NO", "default" : null}, {"column" : "upload_date", "data_type" : "timestamp with time zone", "is_nullable" : "YES", "default" : null}, {"column" : "createdAt", "data_type" : "timestamp with time zone", "is_nullable" : "NO", "default" : null}, {"column" : "updatedAt", "data_type" : "timestamp with time zone", "is_nullable" : "NO", "default" : null}]
property_locations	[{"column" : "id", "data_type" : "integer", "is_nullable" : "NO", "default" : "nextval('property_locations_id_seq'::regclass)"}, {"column" : "country", "data_type" : "character varying", "is_nullable" : "YES", "default" : null}, {"column" : "property_id", "data_type" : "integer", "is_nullable" : "YES", "default" : null}, {"column" : "county", "data_type" : "character varying", "is_nullable" : "YES", "default" : null}, {"column" : "city_town", "data_type" : "character varying", "is_nullable" : "YES", "default" : null}, {"column" : "latitude", "data_type" : "character varying", "is_nullable" : "YES", "default" : null}, {"column" : "longitude", "data_type" : "character varying", "is_nullable" : "YES", "default" : null}, {"column" : "address", "data_type" : "text", "is_nullable" : "YES", "default" : null}, {"column" : "location_description", "data_type" : "character varying", "is_nullable" : "YES", "default" : null}, {"column" : "createdAt", "data_type" : "timestamp with time zone", "is_nullable" : "YES", "default" : null}, {"column" : "updateAt", "data_type" : "timestamp with time zone", "is_nullable" : "YES", "default" : null}, {"column" : "updatedAt", "data_type" : "timestamp with time zone", "is_nullable" : "NO", "default" : null}]
property_properties	[{"column" : "id", "data_type" : "integer", "is_nullable" : "NO", "default" : "nextval('property_properties_id_seq'::regclass)"}, {"column" : "property_id", "data_type" : "integer", "is_nullable" : "YES", "default" : null}, {"column" : "bedrooms", "data_type" : "character varying", "is_nullable" : "YES", "default" : null}, {"column" : "bathrooms", "data_type" : "character varying", "is_nullable" : "YES", "default" : null}, {"column" : "kitchen", "data_type" : "character varying", "is_nullable" : "YES", "default" : null}, {"column" : "createdAt", "data_type" : "timestamp with time zone", "is_nullable" : "YES", "default" : null}, {"column" : "updateAt", "data_type" : "timestamp with time zone", "is_nullable" : "YES", "default" : null}, {"column" : "updatedAt", "data_type" : "timestamp with time zone", "is_nullable" : "NO", "default" : null}]
rent_pricings	[{"column" : "id", "data_type" : "integer", "is_nullable" : "NO", "default" : "nextval('rent_pricings_id_seq'::regclass)"}, {"column" : "unit_type", "data_type" : "character varying", "is_nullable" : "YES", "default" : null}, {"column" : "apartment_id", "data_type" : "integer", "is_nullable" : "YES", "default" : null}, {"column" : "createdAt", "data_type" : "timestamp with time zone", "is_nullable" : "YES", "default" : null}, {"column" : "updateAt", "data_type" : "timestamp with time zone", "is_nullable" : "YES", "default" : null}, {"column" : "updatedAt", "data_type" : "timestamp with time zone", "is_nullable" : "NO", "default" : null}, {"column" : "rent_time_rate", "data_type" : "character varying", "is_nullable" : "YES", "default" : null}, {"column" : "unit_rent_price", "data_type" : "character varying", "is_nullable" : "YES", "default" : null}]
rental_apartments	[{"column" : "id", "data_type" : "integer", "is_nullable" : "NO", "default" : "nextval('rental_apartments_id_seq'::regclass)"}, {"column" : "agent_id", "data_type" : "integer", "is_nullable" : "YES", "default" : null}, {"column" : "landlord_id", "data_type" : "integer", "is_nullable" : "YES", "default" : null}, {"column" : "apartment_name", "data_type" : "character varying", "is_nullable" : "YES", "default" : null}, {"column" : "apartment_type", "data_type" : "character varying", "is_nullable" : "YES", "default" : null}, {"column" : "apartment_slug", "data_type" : "character varying", "is_nullable" : "YES", "default" : null}, {"column" : "apartment_description", "data_type" : "text", "is_nullable" : "YES", "default" : null}, {"column" : "createdAt", "data_type" : "timestamp with time zone", "is_nullable" : "YES", "default" : null}, {"column" : "updateAt", "data_type" : "timestamp with time zone", "is_nullable" : "YES", "default" : null}, {"column" : "updatedAt", "data_type" : "timestamp with time zone", "is_nullable" : "NO", "default" : null}]
rental_facilities	[{"column" : "id", "data_type" : "integer", "is_nullable" : "NO", "default" : "nextval('rental_facilities_id_seq'::regclass)"}, {"column" : "facility_name", "data_type" : "character varying", "is_nullable" : "YES", "default" : null}, {"column" : "service_provider", "data_type" : "character varying", "is_nullable" : "YES", "default" : null}, {"column" : "provider_contact", "data_type" : "character varying", "is_nullable" : "YES", "default" : null}, {"column" : "apartment_id", "data_type" : "integer", "is_nullable" : "YES", "default" : null}, {"column" : "createdAt", "data_type" : "timestamp with time zone", "is_nullable" : "YES", "default" : null}, {"column" : "updateAt", "data_type" : "timestamp with time zone", "is_nullable" : "YES", "default" : null}, {"column" : "updatedAt", "data_type" : "timestamp with time zone", "is_nullable" : "NO", "default" : null}]
roles	[{"column" : "id", "data_type" : "integer", "is_nullable" : "NO", "default" : "nextval('roles_id_seq'::regclass)"}, {"column" : "roleName", "data_type" : "character varying", "is_nullable" : "YES", "default" : null}, {"column" : "active", "data_type" : "boolean", "is_nullable" : "YES", "default" : null}, {"column" : "createdAt", "data_type" : "timestamp with time zone", "is_nullable" : "NO", "default" : null}, {"column" : "updatedAt", "data_type" : "timestamp with time zone", "is_nullable" : "NO", "default" : null}]
tenants	[{"column" : "id", "data_type" : "integer", "is_nullable" : "NO", "default" : "nextval('tenants_id_seq'::regclass)"}, {"column" : "userId", "data_type" : "integer", "is_nullable" : "YES", "default" : null}, {"column" : "logentId", "data_type" : "integer", "is_nullable" : "YES", "default" : null}, {"column" : "tenant_fname", "data_type" : "character varying", "is_nullable" : "YES", "default" : null}, {"column" : "tenant_lname", "data_type" : "character varying", "is_nullable" : "YES", "default" : null}, {"column" : "tenant_location", "data_type" : "character varying", "is_nullable" : "YES", "default" : null}, {"column" : "tenant_idno", "data_type" : "integer", "is_nullable" : "YES", "default" : null}, {"column" : "tenant_phonenumber", "data_type" : "integer", "is_nullable" : "YES", "default" : null}, {"column" : "tenant_avatar", "data_type" : "character varying", "is_nullable" : "YES", "default" : null}, {"column" : "type", "data_type" : "character varying", "is_nullable" : "YES", "default" : null}, {"column" : "createdAt", "data_type" : "timestamp with time zone", "is_nullable" : "NO", "default" : null}, {"column" : "updatedAt", "data_type" : "timestamp with time zone", "is_nullable" : "NO", "default" : null}]
userprofiles	[{"column" : "id", "data_type" : "integer", "is_nullable" : "NO", "default" : "nextval('userprofiles_id_seq'::regclass)"}, {"column" : "userId", "data_type" : "integer", "is_nullable" : "YES", "default" : null}, {"column" : "user_fname", "data_type" : "character varying", "is_nullable" : "YES", "default" : null}, {"column" : "user_lname", "data_type" : "character varying", "is_nullable" : "YES", "default" : null}, {"column" : "user_location", "data_type" : "character varying", "is_nullable" : "YES", "default" : null}, {"column" : "user_phonenumber", "data_type" : "bigint", "is_nullable" : "YES", "default" : null}, {"column" : "user_avatar", "data_type" : "character varying", "is_nullable" : "NO", "default" : "'https://api.waridi.org/images/userprofile.png'::character varying"}, {"column" : "type", "data_type" : "character varying", "is_nullable" : "YES", "default" : null}, {"column" : "followers", "data_type" : "ARRAY", "is_nullable" : "YES", "default" : "ARRAY[]::integer[]"}, {"column" : "following", "data_type" : "ARRAY", "is_nullable" : "YES", "default" : "ARRAY[]::integer[]"}, {"column" : "pendingConnections", "data_type" : "ARRAY", "is_nullable" : "YES", "default" : "ARRAY[]::integer[]"}, {"column" : "acceptedConnections", "data_type" : "ARRAY", "is_nullable" : "YES", "default" : "ARRAY[]::integer[]"}, {"column" : "rejectedConnections", "data_type" : "ARRAY", "is_nullable" : "YES", "default" : "ARRAY[]::integer[]"}, {"column" : "createdAt", "data_type" : "timestamp with time zone", "is_nullable" : "NO", "default" : null}, {"column" : "updatedAt", "data_type" : "timestamp with time zone", "is_nullable" : "NO", "default" : null}]
users	[{"column" : "id", "data_type" : "integer", "is_nullable" : "NO", "default" : "nextval('users_id_seq'::regclass)"}, {"column" : "roleId", "data_type" : "integer", "is_nullable" : "YES", "default" : null}, {"column" : "username", "data_type" : "character varying", "is_nullable" : "YES", "default" : null}, {"column" : "email", "data_type" : "character varying", "is_nullable" : "YES", "default" : null}, {"column" : "password", "data_type" : "character varying", "is_nullable" : "YES", "default" : null}, {"column" : "confirm_password", "data_type" : "character varying", "is_nullable" : "YES", "default" : null}, {"column" : "accessToken", "data_type" : "text", "is_nullable" : "YES", "default" : null}, {"column" : "resetPasswordToken", "data_type" : "text", "is_nullable" : "YES", "default" : null}, {"column" : "resetPasswordExpires", "data_type" : "timestamp with time zone", "is_nullable" : "YES", "default" : null}, {"column" : "dateofbirth", "data_type" : "text", "is_nullable" : "YES", "default" : null}, {"column" : "description", "data_type" : "text", "is_nullable" : "YES", "default" : null}, {"column" : "user_avatar", "data_type" : "character varying", "is_nullable" : "NO", "default" : "'https://api.waridi.org/images/userprofile.png'::character varying"}, {"column" : "type", "data_type" : "bytea", "is_nullable" : "YES", "default" : null}, {"column" : "verified", "data_type" : "boolean", "is_nullable" : "YES", "default" : "false"}, {"column" : "active", "data_type" : "boolean", "is_nullable" : "YES", "default" : null}, {"column" : "connectionsRequest", "data_type" : "ARRAY", "is_nullable" : "YES", "default" : null}, {"column" : "connectionRequestSent", "data_type" : "ARRAY", "is_nullable" : "YES", "default" : null}, {"column" : "createdAt", "data_type" : "timestamp with time zone", "is_nullable" : "NO", "default" : null}, {"column" : "updatedAt", "data_type" : "timestamp with time zone", "is_nullable" : "NO", "default" : null}]
(42 rows)
